id_anssi,titre,description,date_publication,lien,type_bulletin,liste_cves
CERTFR-2026-AVI-0699,Vulnérabilité dans Cisco Catalyst SD-WAN (05 juin 2026),Une vulnérabilité a été découverte dans Cisco Catalyst SD-WAN. Elle permet à un attaquant de provoquer une élévation de privilèges. Cisco indique que la vulnérabilité CVE-2026-20245 est activement exploitée.,"Fri, 05 Jun 2026 00:00:00 +0000",https://www.cert.ssi.gouv.fr/avis/CERTFR-2026-AVI-0699/,Avis,['CVE-2026-20245']
CERTFR-2026-AVI-0715,Multiples vulnérabilités dans les produits SAP (09 juin 2026),"De multiples vulnérabilités ont été découvertes dans les produits SAP. Certaines d'entre elles permettent à un attaquant de provoquer une injection SQL (SQLi), une injection de code indirecte à distance (XSS) et un contournement de la politique de sécurité.","Tue, 09 Jun 2026 00:00:00 +0000",https://www.cert.ssi.gouv.fr/avis/CERTFR-2026-AVI-0715/,Avis,"['CVE-2026-29145', 'CVE-2026-44751', 'CVE-2026-44757', 'CVE-2026-44746', 'CVE-2026-44744', 'CVE-2026-40128', 'CVE-2026-27671', 'CVE-2026-44748', 'CVE-2025-68161', 'CVE-2026-44755', 'CVE-2026-44750', 'CVE-2026-22732', 'CVE-2026-44754', 'CVE-2026-44743', 'CVE-2026-24315']"
CERTFR-2026-AVI-0717,Multiples vulnérabilités dans OpenSSL (10 juin 2026),"De multiples vulnérabilités ont été découvertes dans OpenSSL. Certaines d'entre elles permettent à un attaquant de provoquer une exécution de code arbitraire à distance, un déni de service à distance et une atteinte à la confidentialité des données.","Wed, 10 Jun 2026 00:00:00 +0000",https://www.cert.ssi.gouv.fr/avis/CERTFR-2026-AVI-0717/,Avis,"['CVE-2026-34181', 'CVE-2026-42766', 'CVE-2026-34180', 'CVE-2026-9076', 'CVE-2026-42764', 'CVE-2026-45445', 'CVE-2026-42769', 'CVE-2026-45446', 'CVE-2026-35188', 'CVE-2026-7383', 'CVE-2026-42771', 'CVE-2026-42768', 'CVE-2026-34183', 'CVE-2026-34182', 'CVE-2026-42770', 'CVE-2026-45447', 'CVE-2026-42765', 'CVE-2026-42767']"
CERTFR-2026-AVI-0718,Vulnérabilité dans PostgreSQL (10 juin 2026),Une vulnérabilité a été découverte dans PostgreSQL. Elle permet à un attaquant de provoquer une élévation de privilèges.,"Wed, 10 Jun 2026 00:00:00 +0000",https://www.cert.ssi.gouv.fr/avis/CERTFR-2026-AVI-0718/,Avis,['CVE-2026-9617']
CERTFR-2026-AVI-0719,Multiples vulnérabilités dans les produits Spring (10 juin 2026),"De multiples vulnérabilités ont été découvertes dans les produits Spring. Certaines d'entre elles permettent à un attaquant de provoquer une exécution de code arbitraire, un contournement de la politique de sécurité et un déni de service.","Wed, 10 Jun 2026 00:00:00 +0000",https://www.cert.ssi.gouv.fr/avis/CERTFR-2026-AVI-0719/,Avis,"['CVE-2026-41697', 'CVE-2026-41003', 'CVE-2026-41719', 'CVE-2026-41729', 'CVE-2026-41696', 'CVE-2026-41695', 'CVE-2026-40988', 'CVE-2026-41721', 'CVE-2026-40993', 'CVE-2026-41716', 'CVE-2026-41008', 'CVE-2026-41694', 'CVE-2026-41711', 'CVE-2026-41717', 'CVE-2026-41701']"
CERTFR-2026-AVI-0720,Multiples vulnérabilités dans les produits Adobe (10 juin 2026),"De multiples vulnérabilités ont été découvertes dans les produits Adobe. Certaines d'entre elles permettent à un attaquant de provoquer une exécution de code arbitraire à distance, une élévation de privilèges et une atteinte à la confidentialité des données.","Wed, 10 Jun 2026 00:00:00 +0000",https://www.cert.ssi.gouv.fr/avis/CERTFR-2026-AVI-0720/,Avis,"['CVE-2026-47915', 'CVE-2026-47919', 'CVE-2026-47926', 'CVE-2026-47911', 'CVE-2026-47932', 'CVE-2026-47933', 'CVE-2026-47912', 'CVE-2026-47959', 'CVE-2026-47928', 'CVE-2026-47924', 'CVE-2026-47923', 'CVE-2026-47916', 'CVE-2026-47960', 'CVE-2026-47913', 'CVE-2026-47925', 'CVE-2026-47931', 'CVE-2026-47921', 'CVE-2026-47930', 'CVE-2026-47914', 'CVE-2026-47920', 'CVE-2026-47929', 'CVE-2026-47917', 'CVE-2026-47918', 'CVE-2026-47961', 'CVE-2026-47952', 'CVE-2026-47955', 'CVE-2026-47937']"
CERTFR-2026-AVI-0721,Multiples vulnérabilités dans Xen (10 juin 2026),"De multiples vulnérabilités ont été découvertes dans Xen. Elles permettent à un attaquant de provoquer une élévation de privilèges, un déni de service à distance et une atteinte à la confidentialité des données.","Wed, 10 Jun 2026 00:00:00 +0000",https://www.cert.ssi.gouv.fr/avis/CERTFR-2026-AVI-0721/,Avis,"['CVE-2025-10263', 'CVE-2026-42488', 'CVE-2026-42490', 'CVE-2026-42487', 'CVE-2026-42489']"
CERTFR-2026-AVI-0722,Multiples vulnérabilités dans Typo3 (10 juin 2026),"De multiples vulnérabilités ont été découvertes dans Typo3. Certaines d'entre elles permettent à un attaquant de provoquer une exécution de code arbitraire à distance, une élévation de privilèges et une atteinte à la confidentialité des données.","Wed, 10 Jun 2026 00:00:00 +0000",https://www.cert.ssi.gouv.fr/avis/CERTFR-2026-AVI-0722/,Avis,"['CVE-2026-49741', 'CVE-2026-47351', 'CVE-2026-47349', 'CVE-2026-47350', 'CVE-2026-49740', 'CVE-2026-47348', 'CVE-2026-49738', 'CVE-2026-49742', 'CVE-2026-11607', 'CVE-2026-47352']"
CERTFR-2026-AVI-0723,Vulnérabilité dans Stormshield Network Security (10 juin 2026),Une vulnérabilité a été découverte dans Stormshield Network Security. Elle permet à un attaquant de provoquer une atteinte à la confidentialité des données.,"Wed, 10 Jun 2026 00:00:00 +0000",https://www.cert.ssi.gouv.fr/avis/CERTFR-2026-AVI-0723/,Avis,['CVE-2026-31790']
CERTFR-2026-AVI-0724,Multiples vulnérabilités dans les produits Ivanti (10 juin 2026),De multiples vulnérabilités ont été découvertes dans les produits Ivanti. Elles permettent à un attaquant de provoquer une exécution de code arbitraire à distance et un contournement de la politique de sécurité.,"Wed, 10 Jun 2026 00:00:00 +0000",https://www.cert.ssi.gouv.fr/avis/CERTFR-2026-AVI-0724/,Avis,"['CVE-2026-10727', 'CVE-2026-6973', 'CVE-2026-10523', 'CVE-2026-10520']"
CERTFR-2026-AVI-0725,Multiples vulnérabilités dans les produits Fortinet (10 juin 2026),De multiples vulnérabilités ont été découvertes dans les produits Fortinet. Elles permettent à un attaquant de provoquer une exécution de code arbitraire à distance et une atteinte à la confidentialité des données.,"Wed, 10 Jun 2026 00:00:00 +0000",https://www.cert.ssi.gouv.fr/avis/CERTFR-2026-AVI-0725/,Avis,"['CVE-2025-67862', 'CVE-2026-25089', 'CVE-2026-49938']"
CERTFR-2026-AVI-0726,Multiples vulnérabilités dans Microsoft Edge (10 juin 2026),De multiples vulnérabilités ont été découvertes dans Microsoft Edge. Elles permettent à un attaquant de provoquer un contournement de la politique de sécurité et un problème de sécurité non spécifié par l'éditeur.,"Wed, 10 Jun 2026 00:00:00 +0000",https://www.cert.ssi.gouv.fr/avis/CERTFR-2026-AVI-0726/,Avis,"['CVE-2026-11082', 'CVE-2026-11108', 'CVE-2026-11226', 'CVE-2026-11012', 'CVE-2026-11287', 'CVE-2026-11163', 'CVE-2026-11080', 'CVE-2026-11290', 'CVE-2026-11215', 'CVE-2026-10967', 'CVE-2026-11270', 'CVE-2026-11097', 'CVE-2026-10923', 'CVE-2026-11045', 'CVE-2026-11295', 'CVE-2026-11131', 'CVE-2026-11034', 'CVE-2026-11077', 'CVE-2026-11297', 'CVE-2026-11278', 'CVE-2026-11247', 'CVE-2026-11172', 'CVE-2026-11072', 'CVE-2026-10953', 'CVE-2026-11145', 'CVE-2026-11263', 'CVE-2026-11291', 'CVE-2026-11065', 'CVE-2026-11178', 'CVE-2026-11064', 'CVE-2026-10984', 'CVE-2026-11029', 'CVE-2026-11119', 'CVE-2026-10934', 'CVE-2026-11019', 'CVE-2026-11167', 'CVE-2026-10883', 'CVE-2026-11010', 'CVE-2026-11188', 'CVE-2026-11175', 'CVE-2026-11007', 'CVE-2026-11035', 'CVE-2026-11148', 'CVE-2026-10892', 'CVE-2026-11127', 'CVE-2026-10929', 'CVE-2026-10959']"
CERTFR-2026-AVI-0727,Multiples vulnérabilités dans Microsoft Office (10 juin 2026),"De multiples vulnérabilités ont été découvertes dans Microsoft Office. Certaines d'entre elles permettent à un attaquant de provoquer une exécution de code arbitraire à distance, une élévation de privilèges et une atteinte à la confidentialité des données.","Wed, 10 Jun 2026 00:00:00 +0000",https://www.cert.ssi.gouv.fr/avis/CERTFR-2026-AVI-0727/,Avis,"['CVE-2026-44803', 'CVE-2026-45475', 'CVE-2026-45461', 'CVE-2026-45455', 'CVE-2026-44820', 'CVE-2026-45463', 'CVE-2026-44822', 'CVE-2026-45645', 'CVE-2026-45643', 'CVE-2026-45458', 'CVE-2026-45456', 'CVE-2026-45649', 'CVE-2026-45485', 'CVE-2026-45459', 'CVE-2026-45460', 'CVE-2026-44817', 'CVE-2026-45474', 'CVE-2026-44824', 'CVE-2026-45486', 'CVE-2026-44812', 'CVE-2026-45466', 'CVE-2026-44818', 'CVE-2026-45471', 'CVE-2026-47635', 'CVE-2026-45472', 'CVE-2026-44823', 'CVE-2026-45457', 'CVE-2026-44821', 'CVE-2026-47293', 'CVE-2026-45469', 'CVE-2026-44819']"
CERTFR-2026-AVI-0728,Multiples vulnérabilités dans Microsoft Windows (10 juin 2026),"De multiples vulnérabilités ont été découvertes dans Microsoft Windows. Certaines d'entre elles permettent à un attaquant de provoquer une exécution de code arbitraire à distance, une élévation de privilèges et un déni de service à distance.","Wed, 10 Jun 2026 00:00:00 +0000",https://www.cert.ssi.gouv.fr/avis/CERTFR-2026-AVI-0728/,Avis,"['CVE-2026-42986', 'CVE-2026-45592', 'CVE-2026-42912', 'CVE-2026-45638', 'CVE-2026-33828', 'CVE-2026-42905', 'CVE-2026-47648', 'CVE-2026-44809', 'CVE-2026-44813', 'CVE-2026-42972', 'CVE-2026-45654', 'CVE-2026-48565', 'CVE-2026-42992', 'CVE-2026-45487', 'CVE-2026-47654', 'CVE-2026-45594', 'CVE-2026-42978', 'CVE-2026-42984', 'CVE-2026-45635', 'CVE-2026-45653', 'CVE-2026-45596', 'CVE-2026-48573', 'CVE-2026-44801', 'CVE-2026-45603', 'CVE-2026-44805', 'CVE-2026-45598', 'CVE-2026-44807', 'CVE-2026-47289', 'CVE-2026-47656', 'CVE-2026-42908', 'CVE-2026-45607', 'CVE-2026-42969', 'CVE-2026-45597', 'CVE-2026-42977', 'CVE-2026-48575', 'CVE-2026-48566', 'CVE-2026-48574', 'CVE-2026-34335', 'CVE-2026-48570', 'CVE-2026-42983', 'CVE-2026-42906', 'CVE-2026-45648', 'CVE-2026-45604', 'CVE-2026-48583', 'CVE-2026-42971', 'CVE-2026-44811', 'CVE-2026-40404', 'CVE-2026-44812', 'CVE-2026-49160', 'CVE-2026-42974', 'CVE-2026-45586', 'CVE-2026-45658', 'CVE-2026-42837', 'CVE-2026-45606', 'CVE-2026-45655', 'CVE-2026-44808', 'CVE-2026-45588', 'CVE-2026-50508', 'CVE-2026-42903', 'CVE-2026-40409', 'CVE-2026-45656', 'CVE-2026-44814', 'CVE-2026-42913', 'CVE-2026-45490', 'CVE-2026-44810', 'CVE-2026-45657', 'CVE-2026-48563', 'CVE-2026-44802', 'CVE-2026-42904', 'CVE-2026-45600', 'CVE-2026-45634', 'CVE-2026-45637', 'CVE-2026-45641', 'CVE-2026-45601', 'CVE-2026-8863', 'CVE-2026-42989', 'CVE-2026-42907', 'CVE-2026-48576', 'CVE-2026-45642', 'CVE-2026-42910', 'CVE-2026-47288', 'CVE-2026-42973', 'CVE-2026-47653', 'CVE-2026-45602', 'CVE-2026-42968', 'CVE-2026-42987', 'CVE-2026-44803', 'CVE-2026-42829', 'CVE-2026-45595', 'CVE-2026-42828', 'CVE-2026-42916', 'CVE-2026-42981', 'CVE-2026-45639', 'CVE-2026-50507', 'CVE-2026-45636', 'CVE-2026-44804', 'CVE-2026-45640', 'CVE-2026-42909', 'CVE-2026-45608', 'CVE-2026-41108', 'CVE-2026-42979', 'CVE-2026-42993', 'CVE-2026-45491', 'CVE-2026-41092', 'CVE-2026-42911', 'CVE-2026-47652', 'CVE-2026-45591', 'CVE-2026-47291', 'CVE-2026-42991', 'CVE-2026-42970', 'CVE-2026-44799', 'CVE-2026-45605', 'CVE-2026-42980', 'CVE-2026-45599', 'CVE-2026-48578', 'CVE-2026-42914', 'CVE-2026-42915', 'CVE-2026-48568', 'CVE-2025-10263', 'CVE-2026-45593', 'CVE-2026-42985', 'CVE-2026-42836', 'CVE-2026-44815']"
CERTFR-2026-AVI-0729,Multiples vulnérabilités dans Microsoft .Net (10 juin 2026),De multiples vulnérabilités ont été découvertes dans Microsoft .Net. Elles permettent à un attaquant de provoquer un déni de service à distance et une atteinte à l'intégrité des données.,"Wed, 10 Jun 2026 00:00:00 +0000",https://www.cert.ssi.gouv.fr/avis/CERTFR-2026-AVI-0729/,Avis,"['CVE-2026-45491', 'CVE-2026-45591']"
CERTFR-2026-AVI-0730,Multiples vulnérabilités dans Microsoft Azure (10 juin 2026),De multiples vulnérabilités ont été découvertes dans Microsoft Azure. Elles permettent à un attaquant de provoquer une exécution de code arbitraire à distance et un contournement de la politique de sécurité.,"Wed, 10 Jun 2026 00:00:00 +0000",https://www.cert.ssi.gouv.fr/avis/CERTFR-2026-AVI-0730/,Avis,"['CVE-2026-41098', 'CVE-2026-32193', 'CVE-2026-47643']"
CERTFR-2026-AVI-0731,Multiples vulnérabilités dans les produits Microsoft (10 juin 2026),"De multiples vulnérabilités ont été découvertes dans les produits Microsoft. Certaines d'entre elles permettent à un attaquant de provoquer une exécution de code arbitraire à distance, une élévation de privilèges et un déni de service à distance.","Wed, 10 Jun 2026 00:00:00 +0000",https://www.cert.ssi.gouv.fr/avis/CERTFR-2026-AVI-0731/,Avis,"['CVE-2026-45999', 'CVE-2026-46225', 'CVE-2026-46119', 'CVE-2026-46011', 'CVE-2026-46136', 'CVE-2026-45650', 'CVE-2026-46027', 'CVE-2026-40371', 'CVE-2026-48962', 'CVE-2026-46173', 'CVE-2026-45988', 'CVE-2026-46101', 'CVE-2026-46125', 'CVE-2026-46019', 'CVE-2026-46234', 'CVE-2026-46124', 'CVE-2026-46219', 'CVE-2026-46159', 'CVE-2026-46206', 'CVE-2026-46300', 'CVE-2026-46227', 'CVE-2026-46236', 'CVE-2026-46086', 'CVE-2026-45456', 'CVE-2026-46009', 'CVE-2026-46187', 'CVE-2026-46048', 'CVE-2026-46209', 'CVE-2026-46138', 'CVE-2026-46040', 'CVE-2026-45997', 'CVE-2026-46115', 'CVE-2026-46144', 'CVE-2026-45502', 'CVE-2026-46046', 'CVE-2026-45836', 'CVE-2026-42496', 'CVE-2026-46002', 'CVE-2026-46006', 'CVE-2026-46049', 'CVE-2026-45471', 'CVE-2026-42902', 'CVE-2026-50511', 'CVE-2026-46127', 'CVE-2026-42835', 'CVE-2026-46142', 'CVE-2026-46099', 'CVE-2026-46018', 'CVE-2026-46191', 'CVE-2026-46005', 'CVE-2026-45846', 'CVE-2026-45989', 'CVE-2026-46088', 'CVE-2026-46230', 'CVE-2026-46165', 'CVE-2026-39833', 'CVE-2026-43503', 'CVE-2026-45844', 'CVE-2026-45835', 'CVE-2026-46058', 'CVE-2026-45479', 'CVE-2026-45644', 'CVE-2026-46023', 'CVE-2026-46178', 'CVE-2026-46022', 'CVE-2026-46026', 'CVE-2026-46110', 'CVE-2026-46003', 'CVE-2026-46106', 'CVE-2026-46273', 'CVE-2026-46195', 'CVE-2026-45996', 'CVE-2026-46098', 'CVE-2026-46033', 'CVE-2026-45834', 'CVE-2026-46037', 'CVE-2026-47638', 'CVE-2026-46024', 'CVE-2026-45840', 'CVE-2026-46199', 'CVE-2026-46085', 'CVE-2026-46214', 'CVE-2026-46012', 'CVE-2026-44824', 'CVE-2026-46231', 'CVE-2026-45453', 'CVE-2026-46050', 'CVE-2026-46156', 'CVE-2026-49161', 'CVE-2026-46111', 'CVE-2026-46229', 'CVE-2026-26142', 'CVE-2026-48560', 'CVE-2026-42789', 'CVE-2026-46109', 'CVE-2026-48959', 'CVE-2026-46112', 'CVE-2026-46176', 'CVE-2026-45464', 'CVE-2026-46075', 'CVE-2026-46177', 'CVE-2026-46120', 'CVE-2026-46068', 'CVE-2026-45468', 'CVE-2026-45465', 'CVE-2026-47641', 'CVE-2026-46062', 'CVE-2026-44821', 'CVE-2026-45501', 'CVE-2026-45500', 'CVE-2026-46056', 'CVE-2026-46233', 'CVE-2026-46089', 'CVE-2026-46004', 'CVE-2026-46155', 'CVE-2026-45843', 'CVE-2026-46078', 'CVE-2026-48569', 'CVE-2026-46079', 'CVE-2026-46108', 'CVE-2026-49975', 'CVE-2026-45993', 'CVE-2026-45998', 'CVE-2026-46038', 'CVE-2026-46053', 'CVE-2026-45839', 'CVE-2026-46180', 'CVE-2026-46052', 'CVE-2026-46133', 'CVE-2026-50292', 'CVE-2026-46189', 'CVE-2026-45483', 'CVE-2026-46151', 'CVE-2026-45583', 'CVE-2026-45458', 'CVE-2026-45462', 'CVE-2026-46016', 'CVE-2026-46080', 'CVE-2026-47637', 'CVE-2026-46113', 'CVE-2026-46172', 'CVE-2026-46083', 'CVE-2026-47634', 'CVE-2026-46072', 'CVE-2026-48562', 'CVE-2026-46094', 'CVE-2026-47284', 'CVE-2026-50512', 'CVE-2026-46021', 'CVE-2026-46193', 'CVE-2026-46197', 'CVE-2026-46137', 'CVE-2026-46205', 'CVE-2026-46015', 'CVE-2026-47298', 'CVE-2026-45647', 'CVE-2026-45986', 'CVE-2026-46107', 'CVE-2026-46091', 'CVE-2026-45842', 'CVE-2026-46186', 'CVE-2026-46149', 'CVE-2026-46150', 'CVE-2026-46069', 'CVE-2026-44819', 'CVE-2026-46102', 'CVE-2026-46122', 'CVE-2026-46000', 'CVE-2026-40376', 'CVE-2026-46031', 'CVE-2025-15649', 'CVE-2026-46047', 'CVE-2026-46103', 'CVE-2026-46163', 'CVE-2026-46212', 'CVE-2026-46043', 'CVE-2026-45475', 'CVE-2026-45481', 'CVE-2026-46131', 'CVE-2026-47292', 'CVE-2026-46114', 'CVE-2026-46161', 'CVE-2026-46065', 'CVE-2026-45454', 'CVE-2026-46145', 'CVE-2026-42790', 'CVE-2026-46116', 'CVE-2026-46218', 'CVE-2026-46129', 'CVE-2026-46198', 'CVE-2026-47636', 'CVE-2026-46164', 'CVE-2026-46123', 'CVE-2026-46051', 'CVE-2026-45838', 'CVE-2026-46185', 'CVE-2026-46070', 'CVE-2026-46064', 'CVE-2026-45485', 'CVE-2026-46226', 'CVE-2026-46220', 'CVE-2026-45987', 'CVE-2026-46204', 'CVE-2026-46063', 'CVE-2026-46238', 'CVE-2026-46132', 'CVE-2026-47639', 'CVE-2026-45591', 'CVE-2026-46146', 'CVE-2026-47287', 'CVE-2026-46168', 'CVE-2026-45484', 'CVE-2026-46128', 'CVE-2026-46160', 'CVE-2026-46084', 'CVE-2026-46208', 'CVE-2026-45845', 'CVE-2026-46152', 'CVE-2026-46082', 'CVE-2026-45503', 'CVE-2026-50031', 'CVE-2026-45482', 'CVE-2026-45994', 'CVE-2026-46167', 'CVE-2026-46077', 'CVE-2026-45504', 'CVE-2026-45841', 'CVE-2026-45991', 'CVE-2026-45476', 'CVE-2026-45467', 'CVE-2026-46190', 'CVE-2026-47281', 'CVE-2026-47640', 'CVE-2026-46196', 'CVE-2026-47631', 'CVE-2026-33113']"
CERTFR-2026-AVI-0716,Multiples vulnérabilités dans FreeBSD (10 juin 2026),De multiples vulnérabilités ont été découvertes dans FreeBSD. Elles permettent à un attaquant de provoquer une élévation de privilèges.,"Wed, 10 Jun 2026 00:00:00 +0000",https://www.cert.ssi.gouv.fr/avis/CERTFR-2026-AVI-0716/,Avis,"['CVE-2026-45257', 'CVE-2026-49413']"
CERTFR-2026-AVI-0733,Multiples vulnérabilités dans GitLab (11 juin 2026),"De multiples vulnérabilités ont été découvertes dans GitLab. Certaines d'entre elles permettent à un attaquant de provoquer une exécution de code arbitraire, un déni de service à distance et une falsification de requêtes côté serveur (SSRF).","Thu, 11 Jun 2026 00:00:00 +0000",https://www.cert.ssi.gouv.fr/avis/CERTFR-2026-AVI-0733/,Avis,"['CVE-2026-9694', 'CVE-2026-10733', 'CVE-2026-1500', 'CVE-2026-6269', 'CVE-2026-7250', 'CVE-2026-3553', 'CVE-2026-10087', 'CVE-2026-8589', 'CVE-2026-6277', 'CVE-2026-9204', 'CVE-2026-6976', 'CVE-2026-6552']"
CERTFR-2026-AVI-0734,Multiples vulnérabilités dans les produits Palo Alto Networks (11 juin 2026),"De multiples vulnérabilités ont été découvertes dans les produits Palo Alto Networks. Certaines d'entre elles permettent à un attaquant de provoquer une exécution de code arbitraire à distance, une élévation de privilèges et un déni de service à distance.","Thu, 11 Jun 2026 00:00:00 +0000",https://www.cert.ssi.gouv.fr/avis/CERTFR-2026-AVI-0734/,Avis,"['CVE-2026-9941', 'CVE-2026-9898', 'CVE-2026-9972', 'CVE-2026-9927', 'CVE-2026-8544', 'CVE-2026-9978', 'CVE-2026-9992', 'CVE-2026-8529', 'CVE-2026-8547', 'CVE-2026-8520', 'CVE-2026-9872', 'CVE-2026-8540', 'CVE-2026-8579', 'CVE-2026-8519', 'CVE-2026-8552', 'CVE-2026-8525', 'CVE-2026-9985', 'CVE-2026-9940', 'CVE-2026-10012', 'CVE-2026-9935', 'CVE-2026-8555', 'CVE-2026-9960', 'CVE-2026-8533', 'CVE-2026-9899', 'CVE-2026-9123', 'CVE-2026-9988', 'CVE-2026-9945', 'CVE-2026-9938', 'CVE-2026-10003', 'CVE-2026-9888', 'CVE-2026-9952', 'CVE-2026-8526', 'CVE-2026-8528', 'CVE-2026-8535', 'CVE-2026-8574', 'CVE-2026-9983', 'CVE-2026-8523', 'CVE-2026-8560', 'CVE-2026-9882', 'CVE-2026-8514', 'CVE-2026-9914', 'CVE-2026-9986', 'CVE-2026-0269', 'CVE-2026-9959', 'CVE-2026-10019', 'CVE-2026-9875', 'CVE-2026-9922', 'CVE-2026-8558', 'CVE-2026-8567', 'CVE-2026-9993', 'CVE-2026-8542', 'CVE-2026-9994', 'CVE-2026-8565', 'CVE-2026-8586', 'CVE-2026-9909', 'CVE-2026-8531', 'CVE-2026-9929', 'CVE-2026-9879', 'CVE-2026-8551', 'CVE-2026-9936', 'CVE-2026-9906', 'CVE-2026-9886', 'CVE-2026-8515', 'CVE-2026-8545', 'CVE-2026-9989', 'CVE-2026-8562', 'CVE-2026-9996', 'CVE-2026-8575', 'CVE-2026-8572', 'CVE-2026-9926', 'CVE-2026-9911', 'CVE-2026-8513', 'CVE-2026-8510', 'CVE-2026-10008', 'CVE-2026-9958', 'CVE-2026-8538', 'CVE-2026-10014', 'CVE-2026-8576', 'CVE-2026-9126', 'CVE-2026-8548', 'CVE-2026-9979', 'CVE-2026-9893', 'CVE-2026-9999', 'CVE-2026-10018', 'CVE-2026-10011', 'CVE-2026-8559', 'CVE-2026-9118', 'CVE-2026-8546', 'CVE-2026-8539', 'CVE-2026-8532', 'CVE-2026-10000', 'CVE-2026-0271', 'CVE-2026-10002', 'CVE-2026-9905', 'CVE-2026-9942', 'CVE-2026-0274', 'CVE-2026-9998', 'CVE-2026-9923', 'CVE-2026-8553', 'CVE-2026-9120', 'CVE-2026-9966', 'CVE-2026-9933', 'CVE-2026-8587', 'CVE-2026-9931', 'CVE-2026-9921', 'CVE-2026-9113', 'CVE-2026-9885', 'CVE-2026-0270', 'CVE-2026-9932', 'CVE-2026-10009', 'CVE-2026-9964', 'CVE-2026-9981', 'CVE-2026-9991', 'CVE-2026-10021', 'CVE-2026-8578', 'CVE-2026-9925', 'CVE-2026-9982', 'CVE-2026-9913', 'CVE-2026-8518', 'CVE-2026-8541', 'CVE-2026-8521', 'CVE-2026-9892', 'CVE-2026-9934', 'CVE-2026-9890', 'CVE-2026-8537', 'CVE-2026-9897', 'CVE-2026-10005', 'CVE-2026-9907', 'CVE-2026-9910', 'CVE-2026-9965', 'CVE-2026-8580', 'CVE-2026-9884', 'CVE-2026-10020', 'CVE-2026-9917', 'CVE-2026-9946', 'CVE-2026-9877', 'CVE-2026-9891', 'CVE-2026-9115', 'CVE-2026-9951', 'CVE-2026-9111', 'CVE-2026-9956', 'CVE-2026-9947', 'CVE-2026-9976', 'CVE-2026-9937', 'CVE-2026-9876', 'CVE-2026-9918', 'CVE-2026-8585', 'CVE-2026-8571', 'CVE-2026-8509', 'CVE-2026-8564', 'CVE-2026-9984', 'CVE-2026-8549', 'CVE-2026-8568', 'CVE-2026-9950', 'CVE-2026-8583', 'CVE-2026-9973', 'CVE-2026-10016', 'CVE-2026-9954', 'CVE-2026-8516', 'CVE-2026-9970', 'CVE-2026-9889', 'CVE-2026-9953', 'CVE-2026-10001', 'CVE-2026-9987', 'CVE-2026-8570', 'CVE-2026-9904', 'CVE-2026-9903', 'CVE-2026-8554', 'CVE-2026-9901', 'CVE-2026-10004', 'CVE-2026-9920', 'CVE-2026-9955', 'CVE-2026-10022', 'CVE-2026-8581', 'CVE-2026-10013', 'CVE-2026-9939', 'CVE-2026-10010', 'CVE-2026-9881', 'CVE-2026-8543', 'CVE-2026-9963', 'CVE-2026-9880', 'CVE-2026-8584', 'CVE-2026-9919', 'CVE-2026-9912', 'CVE-2026-9949', 'CVE-2026-8522', 'CVE-2026-9969', 'CVE-2026-9110', 'CVE-2026-8561', 'CVE-2026-9915', 'CVE-2026-9124', 'CVE-2026-8536', 'CVE-2026-8573', 'CVE-2026-8524', 'CVE-2026-0267', 'CVE-2026-8550', 'CVE-2026-8534', 'CVE-2026-8556', 'CVE-2026-9975', 'CVE-2026-9997', 'CVE-2026-9121', 'CVE-2026-10007', 'CVE-2026-9968', 'CVE-2026-8563', 'CVE-2026-9943', 'CVE-2026-9874', 'CVE-2026-9924', 'CVE-2026-9114', 'CVE-2026-9896', 'CVE-2026-9974', 'CVE-2026-9112', 'CVE-2026-8517', 'CVE-2026-9995', 'CVE-2026-0268', 'CVE-2026-9883', 'CVE-2026-9908', 'CVE-2026-8511', 'CVE-2026-9971', 'CVE-2026-9980', 'CVE-2026-9977', 'CVE-2026-8527', 'CVE-2026-0273', 'CVE-2026-10006', 'CVE-2026-8512', 'CVE-2026-0272', 'CVE-2026-8569', 'CVE-2026-9900', 'CVE-2026-8582', 'CVE-2026-9878', 'CVE-2026-9930', 'CVE-2026-9928', 'CVE-2026-9944', 'CVE-2026-9990', 'CVE-2026-9117', 'CVE-2026-9887', 'CVE-2026-9116', 'CVE-2026-9948', 'CVE-2026-9894', 'CVE-2026-10015', 'CVE-2026-9902', 'CVE-2026-8577', 'CVE-2026-8557', 'CVE-2026-9961', 'CVE-2026-9873', 'CVE-2026-8530', 'CVE-2026-9916', 'CVE-2026-9962', 'CVE-2026-9957', 'CVE-2026-10017', 'CVE-2026-9895', 'CVE-2026-9967', 'CVE-2026-8566', 'CVE-2026-0266']"
CERTFR-2026-AVI-0735,Multiples vulnérabilités dans MongoDB (11 juin 2026),De multiples vulnérabilités ont été découvertes dans MongoDB. Elles permettent à un attaquant de provoquer un déni de service à distance et une atteinte à la confidentialité des données.,"Thu, 11 Jun 2026 00:00:00 +0000",https://www.cert.ssi.gouv.fr/avis/CERTFR-2026-AVI-0735/,Avis,"['CVE-2026-9752', 'CVE-2026-9743', 'CVE-2026-9746', 'CVE-2026-9740', 'CVE-2026-9751', 'CVE-2026-9754', 'CVE-2026-9747', 'CVE-2026-9749', 'CVE-2026-9741', 'CVE-2026-9753', 'CVE-2026-9748', 'CVE-2026-9735', 'CVE-2026-9742', 'CVE-2026-9750']"
CERTFR-2026-AVI-0736,Multiples vulnérabilités dans les produits Splunk (11 juin 2026),"De multiples vulnérabilités ont été découvertes dans les produits Splunk. Certaines d'entre elles permettent à un attaquant de provoquer une exécution de code arbitraire à distance, une atteinte à la confidentialité des données et une falsification de requêtes côté serveur (SSRF).","Thu, 11 Jun 2026 00:00:00 +0000",https://www.cert.ssi.gouv.fr/avis/CERTFR-2026-AVI-0736/,Avis,"['CVE-2026-20251', 'CVE-2026-20257', 'CVE-2025-12818', 'CVE-2026-4147', 'CVE-2026-27448', 'CVE-2026-20260', 'CVE-2025-47914', 'CVE-2026-20252', 'CVE-2026-2005', 'CVE-2025-61726', 'CVE-2025-61731', 'CVE-2026-2004', 'CVE-2025-68146', 'CVE-2026-34480', 'CVE-2026-20254', 'CVE-2026-1229', 'CVE-2026-23490', 'CVE-2026-22701', 'CVE-2026-4358', 'CVE-2025-61732', 'CVE-2026-34477', 'CVE-2026-24049', 'CVE-2025-68161', 'CVE-2026-20256', 'CVE-2026-25679', 'CVE-2026-4148', 'CVE-2026-1703', 'CVE-2025-12817', 'CVE-2026-34516', 'CVE-2025-68121', 'CVE-2026-24051', 'CVE-2025-58181', 'CVE-2025-47913', 'CVE-2026-20253', 'CVE-2026-2003', 'CVE-2026-20258', 'CVE-2026-34520', 'CVE-2025-8869', 'CVE-2026-27142', 'CVE-2026-20255', 'CVE-2026-2006', 'CVE-2026-27459', 'CVE-2026-20259']"
CERTFR-2026-AVI-0737,Multiples vulnérabilités dans les produits Microsoft (11 juin 2026),De multiples vulnérabilités ont été découvertes dans les produits Microsoft. Elles permettent à un attaquant de provoquer un problème de sécurité non spécifié par l'éditeur.,"Thu, 11 Jun 2026 00:00:00 +0000",https://www.cert.ssi.gouv.fr/avis/CERTFR-2026-AVI-0737/,Avis,"['CVE-2026-42013', 'CVE-2026-10879', 'CVE-2026-5260', 'CVE-2026-42015', 'CVE-2026-50257', 'CVE-2026-5419', 'CVE-2026-50258', 'CVE-2026-43958', 'CVE-2026-50256', 'CVE-2026-50259', 'CVE-2026-42012', 'CVE-2026-50260', 'CVE-2026-8829', 'CVE-2026-11332', 'CVE-2026-50263', 'CVE-2026-50262', 'CVE-2026-50261']"
CERTFR-2026-AVI-0738,Vulnérabilité dans Traefik (11 juin 2026),Une vulnérabilité a été découverte dans Traefik. Elle permet à un attaquant de provoquer un contournement de la politique de sécurité.,"Thu, 11 Jun 2026 00:00:00 +0000",https://www.cert.ssi.gouv.fr/avis/CERTFR-2026-AVI-0738/,Avis,[]
CERTFR-2026-AVI-0739,Multiples vulnérabilités dans les produits Spring (11 juin 2026),"De multiples vulnérabilités ont été découvertes dans les produits Spring. Certaines d'entre elles permettent à un attaquant de provoquer une exécution de code arbitraire à distance, une atteinte à la confidentialité des données et une falsification de requêtes côté serveur (SSRF).","Thu, 11 Jun 2026 00:00:00 +0000",https://www.cert.ssi.gouv.fr/avis/CERTFR-2026-AVI-0739/,Avis,"['CVE-2026-40994', 'CVE-2026-40995', 'CVE-2026-41000', 'CVE-2026-40997', 'CVE-2026-40992', 'CVE-2026-41862', 'CVE-2026-40985', 'CVE-2026-40999', 'CVE-2026-40998', 'CVE-2026-40996', 'CVE-2026-40987', 'CVE-2026-40986']"
CERTFR-2026-AVI-0732,Vulnérabilité dans LibreNMS (11 juin 2026),Une vulnérabilité a été découverte dans LibreNMS. Elle permet à un attaquant de provoquer une exécution de code arbitraire à distance.,"Thu, 11 Jun 2026 00:00:00 +0000",https://www.cert.ssi.gouv.fr/avis/CERTFR-2026-AVI-0732/,Avis,[]
CERTFR-2026-AVI-0740,Multiples vulnérabilités dans Google Chrome (12 juin 2026),De multiples vulnérabilités ont été découvertes dans Google Chrome. Elles permettent à un attaquant de provoquer un problème de sécurité non spécifié par l'éditeur.,"Fri, 12 Jun 2026 00:00:00 +0000",https://www.cert.ssi.gouv.fr/avis/CERTFR-2026-AVI-0740/,Avis,"['CVE-2026-12019', 'CVE-2026-12023', 'CVE-2026-12033', 'CVE-2026-12016', 'CVE-2026-12008', 'CVE-2026-12013', 'CVE-2026-12024', 'CVE-2026-12007', 'CVE-2026-12017', 'CVE-2026-12012', 'CVE-2026-12035', 'CVE-2026-12020', 'CVE-2026-12026', 'CVE-2026-12032', 'CVE-2026-12029', 'CVE-2026-12025', 'CVE-2026-12015', 'CVE-2026-12027', 'CVE-2026-12034', 'CVE-2026-12022', 'CVE-2026-12014', 'CVE-2026-12009', 'CVE-2026-12018', 'CVE-2026-12010', 'CVE-2026-12030', 'CVE-2026-12011', 'CVE-2026-12031', 'CVE-2026-12028']"
CERTFR-2026-AVI-0741,Vulnérabilité dans MongoDB (12 juin 2026),Une vulnérabilité a été découverte dans les produits MongoDB. Elle permet à un attaquant de provoquer un problème de sécurité non spécifié par l'éditeur.,"Fri, 12 Jun 2026 00:00:00 +0000",https://www.cert.ssi.gouv.fr/avis/CERTFR-2026-AVI-0741/,Avis,[]
CERTFR-2026-AVI-0742,Multiples vulnérabilités dans les produits NetApp (12 juin 2026),"De multiples vulnérabilités ont été découvertes dans les produits NetApp. Elles permettent à un attaquant de provoquer un déni de service à distance, une atteinte à la confidentialité des données et une atteinte à l'intégrité des données.","Fri, 12 Jun 2026 00:00:00 +0000",https://www.cert.ssi.gouv.fr/avis/CERTFR-2026-AVI-0742/,Avis,"['CVE-2025-22870', 'CVE-2024-12905', 'CVE-2025-47907', 'CVE-2023-24531']"
CERTFR-2026-AVI-0743,Vulnérabilité dans les produits Moxa (12 juin 2026),Une vulnérabilité a été découverte dans les produits Moxa. Elle permet à un attaquant de provoquer une atteinte à la confidentialité des données.,"Fri, 12 Jun 2026 00:00:00 +0000",https://www.cert.ssi.gouv.fr/avis/CERTFR-2026-AVI-0743/,Avis,['CVE-2026-9266']
CERTFR-2026-AVI-0744,Multiples vulnérabilités dans les produits Spring (12 juin 2026),De multiples vulnérabilités ont été découvertes dans les produits Spring. Elles permettent à un attaquant de provoquer un déni de service à distance et un problème de sécurité non spécifié par l'éditeur.,"Fri, 12 Jun 2026 00:00:00 +0000",https://www.cert.ssi.gouv.fr/avis/CERTFR-2026-AVI-0744/,Avis,"['CVE-2026-41708', 'CVE-2026-47825']"
CERTFR-2026-AVI-0745,Multiples vulnérabilités dans le noyau Linux de SUSE (12 juin 2026),"De multiples vulnérabilités ont été découvertes dans le noyau Linux de SUSE. Certaines d'entre elles permettent à un attaquant de provoquer une exécution de code arbitraire, une atteinte à la confidentialité des données et une atteinte à l'intégrité des données.","Fri, 12 Jun 2026 00:00:00 +0000",https://www.cert.ssi.gouv.fr/avis/CERTFR-2026-AVI-0745/,Avis,"['CVE-2026-23444', 'CVE-2026-31516', 'CVE-2026-43341', 'CVE-2026-43037', 'CVE-2026-31614', 'CVE-2026-31575', 'CVE-2026-46043', 'CVE-2026-31493', 'CVE-2026-43503', 'CVE-2026-43501', 'CVE-2026-45843', 'CVE-2026-23271', 'CVE-2026-46004', 'CVE-2026-31464', 'CVE-2026-31685', 'CVE-2026-31613', 'CVE-2026-46114', 'CVE-2026-43414', 'CVE-2026-43234', 'CVE-2026-43252', 'CVE-2026-46110', 'CVE-2026-31521', 'CVE-2026-31629', 'CVE-2026-46300', 'CVE-2026-46243', 'CVE-2026-43328', 'CVE-2026-31402', 'CVE-2026-46113', 'CVE-2023-20585', 'CVE-2026-45970', 'CVE-2026-43338', 'CVE-2026-43013', 'CVE-2026-43112', 'CVE-2026-31607', 'CVE-2026-43499', 'CVE-2026-23243', 'CVE-2026-31729', 'CVE-2026-31406', 'CVE-2026-45852', 'CVE-2026-23437', 'CVE-2026-31483', 'CVE-2026-31480', 'CVE-2026-46021', 'CVE-2026-43359', 'CVE-2026-43325', 'CVE-2026-3150', 'CVE-2026-45910', 'CVE-2026-23359', 'CVE-2026-43362', 'CVE-2026-23274', 'CVE-2026-31405', 'CVE-2026-43054', 'CVE-2026-43206', 'CVE-2026-43284', 'CVE-2026-23317', 'CVE-2026-31568', 'CVE-2026-31736', 'CVE-2026-43009', 'CVE-2026-43190', 'CVE-2026-43333', 'CVE-2026-23380', 'CVE-2026-43360', 'CVE-2026-43437', 'CVE-2026-31473', 'CVE-2026-43126', 'CVE-2026-31758', 'CVE-2026-43012', 'CVE-2025-54518', 'CVE-2026-46333', 'CVE-2026-43361']"
CERTFR-2026-AVI-0746,Multiples vulnérabilités dans le noyau Linux d'Ubuntu (12 juin 2026),"De multiples vulnérabilités ont été découvertes dans le noyau Linux d'Ubuntu. Certaines d'entre elles permettent à un attaquant de provoquer une exécution de code arbitraire, une élévation de privilèges et une atteinte à la confidentialité des données.","Fri, 12 Jun 2026 00:00:00 +0000",https://www.cert.ssi.gouv.fr/avis/CERTFR-2026-AVI-0746/,Avis,"['CVE-2026-23148', 'CVE-2026-23182', 'CVE-2026-23168', 'CVE-2026-23076', 'CVE-2026-23005', 'CVE-2025-71193', 'CVE-2026-47326', 'CVE-2026-23102', 'CVE-2026-23087', 'CVE-2026-23097', 'CVE-2025-71222', 'CVE-2026-22992', 'CVE-2025-71189', 'CVE-2026-23120', 'CVE-2026-23125', 'CVE-2026-23058', 'CVE-2026-23091', 'CVE-2026-23105', 'CVE-2026-23030', 'CVE-2026-43078', 'CVE-2026-23213', 'CVE-2024-50060', 'CVE-2026-23129', 'CVE-2026-46300', 'CVE-2026-23011', 'CVE-2026-23031', 'CVE-2025-71185', 'CVE-2026-23136', 'CVE-2026-23139', 'CVE-2025-71200', 'CVE-2026-23107', 'CVE-2026-23053', 'CVE-2026-23101', 'CVE-2026-23068', 'CVE-2026-23035', 'CVE-2026-23086', 'CVE-2024-50004', 'CVE-2026-23172', 'CVE-2026-23084', 'CVE-2026-22996', 'CVE-2026-23135', 'CVE-2026-23193', 'CVE-2026-23257', 'CVE-2025-68749', 'CVE-2026-23124', 'CVE-2026-23274', 'CVE-2026-22980', 'CVE-2026-23080', 'CVE-2026-31533', 'CVE-2026-22977', 'CVE-2025-40082', 'CVE-2026-23050', 'CVE-2026-22999', 'CVE-2026-31504', 'CVE-2025-68358', 'CVE-2025-71180', 'CVE-2026-23202', 'CVE-2025-40039', 'CVE-2026-23019', 'CVE-2026-47329', 'CVE-2026-23090', 'CVE-2026-46333', 'CVE-2026-23062', 'CVE-2026-23198', 'CVE-2025-71188', 'CVE-2025-71160', 'CVE-2026-23126', 'CVE-2026-23173', 'CVE-2026-43503', 'CVE-2025-71182', 'CVE-2026-23021', 'CVE-2026-43077', 'CVE-2026-22979', 'CVE-2025-38591', 'CVE-2024-35862', 'CVE-2025-71195', 'CVE-2026-23256', 'CVE-2026-47330', 'CVE-2026-23180', 'CVE-2026-47335', 'CVE-2026-31419', 'CVE-2026-23047', 'CVE-2026-22976', 'CVE-2026-23150', 'CVE-2026-23212', 'CVE-2026-22997', 'CVE-2025-68351', 'CVE-2026-23078', 'CVE-2026-23096', 'CVE-2026-23003', 'CVE-2026-22990', 'CVE-2026-23159', 'CVE-2026-47337', 'CVE-2026-23112', 'CVE-2025-71194', 'CVE-2025-71163', 'CVE-2026-47331', 'CVE-2026-43494', 'CVE-2026-23037', 'CVE-2026-23216', 'CVE-2026-23020', 'CVE-2026-23215', 'CVE-2026-23110', 'CVE-2026-23038', 'CVE-2026-23144', 'CVE-2026-23133', 'CVE-2025-71220', 'CVE-2026-23131', 'CVE-2026-23049', 'CVE-2026-23214', 'CVE-2026-23164', 'CVE-2026-23160', 'CVE-2026-23119', 'CVE-2026-23121', 'CVE-2025-71190', 'CVE-2026-23089', 'CVE-2025-71162', 'CVE-2026-23145', 'CVE-2026-22998', 'CVE-2026-22982', 'CVE-2026-43033', 'CVE-2026-23156', 'CVE-2025-71198', 'CVE-2026-23064', 'CVE-2026-23206', 'CVE-2024-50304', 'CVE-2026-23108', 'CVE-2025-37926', 'CVE-2026-31676', 'CVE-2026-23116', 'CVE-2026-23073', 'CVE-2026-45998', 'CVE-2026-23146', 'CVE-2026-43500', 'CVE-2026-47333', 'CVE-2025-71199', 'CVE-2026-23142', 'CVE-2025-71225', 'CVE-2026-23103', 'CVE-2026-23065', 'CVE-2026-23166', 'CVE-2026-23264', 'CVE-2025-38201', 'CVE-2025-71196', 'CVE-2026-47334', 'CVE-2025-71186', 'CVE-2026-23025', 'CVE-2026-23033', 'CVE-2025-68823', 'CVE-2026-23394', 'CVE-2026-23191', 'CVE-2026-23069', 'CVE-2026-23187', 'CVE-2026-23123', 'CVE-2025-68365', 'CVE-2026-23057', 'CVE-2025-71268', 'CVE-2026-23140', 'CVE-2026-46447', 'CVE-2026-23351', 'CVE-2026-22978', 'CVE-2026-23095', 'CVE-2026-23000', 'CVE-2026-23204', 'CVE-2026-23167', 'CVE-2026-22984', 'CVE-2026-23010', 'CVE-2026-23170', 'CVE-2026-23200', 'CVE-2026-23071', 'CVE-2026-23113', 'CVE-2026-23059', 'CVE-2026-23054', 'CVE-2026-23056', 'CVE-2026-23261', 'CVE-2026-46000', 'CVE-2026-23061', 'CVE-2025-68803', 'CVE-2026-23093', 'CVE-2026-23006', 'CVE-2026-23176', 'CVE-2026-23178', 'CVE-2026-23179', 'CVE-2026-46028', 'CVE-2025-71197', 'CVE-2026-47327', 'CVE-2025-71184', 'CVE-2025-71183', 'CVE-2026-23190', 'CVE-2026-31431', 'CVE-2026-23262', 'CVE-2026-23128', 'CVE-2026-44917', 'CVE-2026-23098', 'CVE-2025-71191', 'CVE-2026-23001', 'CVE-2026-22994', 'CVE-2024-58097', 'CVE-2026-23099', 'CVE-2026-23094', 'CVE-2026-23032', 'CVE-2024-58096', 'CVE-2025-71224', 'CVE-2026-47328', 'CVE-2026-22991', 'CVE-2025-71192', 'CVE-2026-23151', 'CVE-2026-47336', 'CVE-2026-23075', 'CVE-2026-43284', 'CVE-2026-23085', 'CVE-2026-23209', 'CVE-2025-40149', 'CVE-2026-23026', 'CVE-2026-23205', 'CVE-2026-23258', 'CVE-2026-23083', 'CVE-2026-23088', 'CVE-2026-23254', 'CVE-2026-23163', 'CVE-2026-23260', 'CVE-2025-68725', 'CVE-2026-47332', 'CVE-2026-48681', 'CVE-2026-23063', 'CVE-2026-23141']"
CERTFR-2026-AVI-0747,Multiples vulnérabilités dans le noyau Linux de Red Hat (12 juin 2026),"De multiples vulnérabilités ont été découvertes dans le noyau Linux de Red Hat. Certaines d'entre elles permettent à un attaquant de provoquer une exécution de code arbitraire à distance, une élévation de privilèges et un déni de service à distance.","Fri, 12 Jun 2026 00:00:00 +0000",https://www.cert.ssi.gouv.fr/avis/CERTFR-2026-AVI-0747/,Avis,"['CVE-2026-43037', 'CVE-2026-31467', 'CVE-2026-43501', 'CVE-2025-71116', 'CVE-2026-31685', 'CVE-2026-31613', 'CVE-2026-23392', 'CVE-2026-43038', 'CVE-2025-40135', 'CVE-2026-43116', 'CVE-2026-31508', 'CVE-2026-46181', 'CVE-2026-31419', 'CVE-2026-23455', 'CVE-2025-40170', 'CVE-2026-43110', 'CVE-2026-31607', 'CVE-2026-22990', 'CVE-2026-31581', 'CVE-2023-53781', 'CVE-2026-45852', 'CVE-2025-21858', 'CVE-2026-23216', 'CVE-2026-46054', 'CVE-2026-43056', 'CVE-2026-43190', 'CVE-2025-71089', 'CVE-2025-68366', 'CVE-2026-22984', 'CVE-2026-43125', 'CVE-2026-43163', 'CVE-2026-31532', 'CVE-2025-68724', 'CVE-2025-40158']"
CERTFR-2026-AVI-0748,Multiples vulnérabilités dans les produits IBM (12 juin 2026),"De multiples vulnérabilités ont été découvertes dans les produits IBM. Certaines d'entre elles permettent à un attaquant de provoquer une exécution de code arbitraire à distance, un déni de service à distance et une atteinte à la confidentialité des données.","Fri, 12 Jun 2026 00:00:00 +0000",https://www.cert.ssi.gouv.fr/avis/CERTFR-2026-AVI-0748/,Avis,"['CVE-2026-8644', 'CVE-2026-40971', 'CVE-2026-26996', 'CVE-2026-27904', 'CVE-2026-40974', 'CVE-2026-27903', 'CVE-2026-8620', 'CVE-2026-9311', 'CVE-2026-9330', 'CVE-2026-8633', 'CVE-2025-62718', 'CVE-2026-9319']"
CERTFR-2026-AVI-0749,Vulnérabilité dans Oracle PeopleSoft (12 juin 2026),Une vulnérabilité a été découverte dans Oracle PeopleSoft. Elle permet à un attaquant non authentifié de provoquer une exécution de code arbitraire à distance. Mandiant indique que la vulnérabilité CVE-2026-35273 est activement exploitée au moins depuis le 27 mai 2026.,"Fri, 12 Jun 2026 00:00:00 +0000",https://www.cert.ssi.gouv.fr/avis/CERTFR-2026-AVI-0749/,Avis,['CVE-2026-35273']
CERTFR-2026-AVI-0750,Vulnérabilité dans les produits HPE Aruba Networking (15 juin 2026),Une vulnérabilité a été découverte dans les produits HPE Aruba Networking. Elle permet à un attaquant de provoquer une exécution de code arbitraire à distance et un déni de service à distance.,"Mon, 15 Jun 2026 00:00:00 +0000",https://www.cert.ssi.gouv.fr/avis/CERTFR-2026-AVI-0750/,Avis,['CVE-2026-42945']
CERTFR-2026-AVI-0751,Vulnérabilité dans Spring AI (15 juin 2026),Une vulnérabilité a été découverte dans Spring AI. Elle permet à un attaquant de provoquer une injection SQL (SQLi) et un contournement de la politique de sécurité.,"Mon, 15 Jun 2026 00:00:00 +0000",https://www.cert.ssi.gouv.fr/avis/CERTFR-2026-AVI-0751/,Avis,['CVE-2026-47835']
CERTFR-2026-AVI-0752,Multiples vulnérabilités dans les produits Mattermost (15 juin 2026),De multiples vulnérabilités ont été découvertes dans les produits Mattermost. Elles permettent à un attaquant de provoquer un problème de sécurité non spécifié par l'éditeur.,"Mon, 15 Jun 2026 00:00:00 +0000",https://www.cert.ssi.gouv.fr/avis/CERTFR-2026-AVI-0752/,Avis,[]
CERTFR-2026-AVI-0753,Multiples vulnérabilités dans Microsoft Azure (15 juin 2026),De multiples vulnérabilités ont été découvertes dans Microsoft Azure. Elles permettent à un attaquant de provoquer un problème de sécurité non spécifié par l'éditeur.,"Mon, 15 Jun 2026 00:00:00 +0000",https://www.cert.ssi.gouv.fr/avis/CERTFR-2026-AVI-0753/,Avis,"['CVE-2026-47167', 'CVE-2026-40034', 'CVE-2026-46433', 'CVE-2026-7774', 'CVE-2026-49762', 'CVE-2026-52860', 'CVE-2026-52858', 'CVE-2026-10846', 'CVE-2026-47162', 'CVE-2026-11822', 'CVE-2026-11824', 'CVE-2026-52859']"
CERTFR-2023-ALE-007,[MàJ] Vulnérabilité dans Zimbra Collaboration Suite (17 juillet 2023),"\[Mise à jour du 26 juillet 2023\] Publication du correctif de sécurité par l'éditeur Le 26 juillet 2023, l'éditeur a publié un correctif de sécurité \[1\] pour cette vulnérabilité immatriculée CVE-2023-37580. Il est donc fortement recommandé de déployer le correctif P41 pour toutes les versions...","Mon, 17 Jul 2023 00:00:00 +0000",https://www.cert.ssi.gouv.fr/alerte/CERTFR-2023-ALE-007/,Alerte,['CVE-2023-37580']
CERTFR-2023-ALE-008,[MàJ] Vulnérabilité dans Citrix NetScaler ADC et NetScaler Gateway (19 juillet 2023),"Le 18 juillet 2023, Citrix a publié un avis de sécurité concernant plusieurs vulnérabilités. La plus critique, dont l'identifiant CVE est CVE-2023-3519, permet à un attaquant non authentifié d'exécuter du code arbitraire à distance. L'équipement est vulnérable s'il est configuré en tant que...","Wed, 19 Jul 2023 00:00:00 +0000",https://www.cert.ssi.gouv.fr/alerte/CERTFR-2023-ALE-008/,Alerte,['CVE-2023-3519']
CERTFR-2023-ALE-010,Multiples vulnérabilités dans Exim (02 octobre 2023),"Le 27 septembre 2023, Zero Day Initiative (ZDI) a publié six avis de sécurité \[1\] concernant des vulnérabilités de type zéro-jour affectant les versions antérieures à 4.96.1 ou 4.97 de l'agent de transfert de courriels (*Mail Transfer Agent* ou *MTA*) Exim. Le 1er octobre 2023, l'éditeur a...","Mon, 02 Oct 2023 00:00:00 +0000",https://www.cert.ssi.gouv.fr/alerte/CERTFR-2023-ALE-010/,Alerte,"['CVE-2023-42114', 'CVE-2023-42117', 'CVE-2023-42115', 'CVE-2023-42116', 'CVE-2023-42119', 'CVE-2023-42118']"
CERTFR-2023-ALE-011,[MàJ] Multiples vulnérabilités dans Cisco IOS XE (17 octobre 2023),\[Mise à jour du 02 novembre 2023\] La version 17.3.8a est disponible. \[Mise à jour du 31 octobre 2023\] Les détails techniques de la vulnérabilité CVE-2023-20198 sont désormais disponibles publiquement. Cette vulnérabilité était déjà massivement exploitée. Tous les équipements exposant...,"Tue, 17 Oct 2023 00:00:00 +0000",https://www.cert.ssi.gouv.fr/alerte/CERTFR-2023-ALE-011/,Alerte,"['CVE-2023-20273', 'CVE-2023-20198']"
CERTFR-2023-ALE-012,[MàJ] Vulnérabilité dans Citrix NetScaler ADC et NetScaler Gateway (23 octobre 2023),"\[Mise à jour du 22 novembre 2023\] L'éditeur a publié un document \[3\] le 20 novembre 2023 listant les différents journaux à analyser ainsi que les éléments à rechercher pour identifier une activité pouvant être liée à une compromission. Par ailleurs, la CISA a publié un avis de sécurité le 21...","Mon, 23 Oct 2023 00:00:00 +0000",https://www.cert.ssi.gouv.fr/alerte/CERTFR-2023-ALE-012/,Alerte,['CVE-2023-4966']
CERTFR-2023-ALE-013,Vulnérabilité dans Apache Struts 2 (13 décembre 2023),"Le 4 décembre 2023, Apache a publié un avis de sécurité concernant la vulnérabilité critique CVE-2023-50164 concernant le cadriciel Struts 2. Cette vulnérabilité permet à un attaquant non authentifié de téléverser une porte dérobée sur un serveur vulnérable, et ainsi exécuter du code arbitraire à...","Wed, 13 Dec 2023 00:00:00 +0000",https://www.cert.ssi.gouv.fr/alerte/CERTFR-2023-ALE-013/,Alerte,['CVE-2023-50164']
CERTFR-2024-ALE-001,[MàJ] Multiples vulnérabilités dans Ivanti Connect Secure et Policy Secure Gateways (11 janvier 2024),"[Mise à jour du 4 mars 2024] Ivanti a publié le 29 février des recommandations de résolution pour les Ivanti Connect Secure ou Policy Secure en machine virtuelle [16]. [Mise à jour du 15 février 2024] l'éditeur a publié le 15 février des correctifs pour les versions suivantes, qui n'en...","Thu, 11 Jan 2024 00:00:00 +0000",https://www.cert.ssi.gouv.fr/alerte/CERTFR-2024-ALE-001/,Alerte,"['CVE-2024-22024', 'CVE-2023-46805', 'CVE-2024-21887', 'CVE-2024-21893', 'CVE-2024-21888']"
CERTFR-2024-ALE-002,[MàJ] Multiples Vulnérabilités dans GitLab (12 janvier 2024),"\[Mise à jour du 29 janvier 2024\] Le 25 janvier 2024, l'éditeur a publié un avis de sécurité concernant plusieurs vulnérabilités affectant GitLab CE et EE. La vulnérabilité CVE-2024-0402 est considérée critique avec un score CVSSv3 de 9,9. Elle permet à un attaquant authentifié d'écrire des...","Fri, 12 Jan 2024 00:00:00 +0000",https://www.cert.ssi.gouv.fr/alerte/CERTFR-2024-ALE-002/,Alerte,"['CVE-2023-7028', 'CVE-2024-0402']"
CERTFR-2024-ALE-003,[MàJ] Incident affectant les solutions AnyDesk (05 février 2024),\[Mise à jour du 27 février 2024\] Le 29 janvier 2024 l'ANSSI a été alertée par le BSI que l'éditeur AnyDesk Software GmbH a été victime d'une fuite de données. Le code source des applications développées par l'éditeur ainsi que des certificats et clés privées pourraient avoir été dérobés. De...,"Mon, 05 Feb 2024 00:00:00 +0000",https://www.cert.ssi.gouv.fr/alerte/CERTFR-2024-ALE-003/,Alerte,[]
CERTFR-2024-ALE-004,[MàJ] Vulnérabilité dans Fortinet FortiOS (09 février 2024),"\[Mise à jour du 19 mars 2024\] Le CERT-FR a connaissance de codes d'exploitation publics et de nouvelles tentatives d'exploitation. Le 8 février 2024, Fortinet a publié l'avis de sécurité concernant la vulnérabilité critique CVE-2024-21762 affectant le VPN SSL de FortiOS. Cette vulnérabilité...","Fri, 09 Feb 2024 00:00:00 +0000",https://www.cert.ssi.gouv.fr/alerte/CERTFR-2024-ALE-004/,Alerte,['CVE-2024-21762']
CERTFR-2024-ALE-005,[MàJ] Vulnérabilité dans Microsoft Outlook (15 février 2024),\[Mise à jour du 15 mars 2024\] Ajout de précision concernant les défi-réponses NTLM \[Mise à jour du 22 février 2024\] Ajout de recommandations et de précisions sur le fonctionnement de la vulnérabilité. La vulnérabilité CVE-2024-21413 permet à un attaquant de contourner les mesures de sécurité...,"Thu, 15 Feb 2024 00:00:00 +0000",https://www.cert.ssi.gouv.fr/alerte/CERTFR-2024-ALE-005/,Alerte,['CVE-2024-21413']
CERTFR-2024-ALE-006,[MàJ] Vulnérabilité dans Palo Alto Networks GlobalProtect (12 avril 2024),"\[Mise à jour du 10 mai 2024\] Le CERT-FR est intervenu pour le traitement d'une compromission par rançongiciel au sein d'une entité française. Dans le cadre de cette attaque, la vulnérabilité a été exploitée pour ensuite réaliser une latéralisation dans le système d'information de la victime et...","Fri, 12 Apr 2024 00:00:00 +0000",https://www.cert.ssi.gouv.fr/alerte/CERTFR-2024-ALE-006/,Alerte,['CVE-2024-3400']
CERTFR-2024-ALE-007,Multiples vulnérabilités dans les produits Cisco (25 avril 2024),"Le 24 avril 2024, Cisco a publié trois avis de sécurité concernant des vulnérabilités affectant les équipements de sécurité ASA et FTD. Deux d'entre eux concernent les vulnérabilités CVE-2024-20353 et CVE-2024-20359 qui sont activement exploitées dans le cadre d'attaques ciblées. La vulnérabilité...","Thu, 25 Apr 2024 00:00:00 +0000",https://www.cert.ssi.gouv.fr/alerte/CERTFR-2024-ALE-007/,Alerte,"['CVE-2024-20353', 'CVE-2024-20359']"
CERTFR-2024-ALE-008,[MàJ] Vulnérabilité dans les produits Check Point  (30 mai 2024),"[Mise à jour du 31 mai 2024] Des preuves de concept sont désormais disponibles publiquement sur Internet. De plus, l'éditeur indique avoir détecté des tentatives de compromission à partir du 7 avril 2024. **[Publication Initiale]** Une vulnérabilité a été découverte dans les produits Check Point....","Thu, 30 May 2024 00:00:00 +0000",https://www.cert.ssi.gouv.fr/alerte/CERTFR-2024-ALE-008/,Alerte,['CVE-2024-24919']
CERTFR-2024-ALE-009,Vulnérabilité dans OpenSSH (01 juillet 2024),"Le 1 juillet 2024, OpenSSH a publié un avis de sécurité concernant la vulnérabilité critique CVE-2024-6387. Cette vulnérabilité permet à un attaquant non authentifié d'exécuter du code arbitraire à distance avec les privilèges *root*. L'éditeur précise que les versions 8.5p1 à 9.7p1 sont...","Mon, 01 Jul 2024 00:00:00 +0000",https://www.cert.ssi.gouv.fr/alerte/CERTFR-2024-ALE-009/,Alerte,['CVE-2024-6387']
CERTFR-2024-ALE-010,Multiples vulnérabilités dans Roundcube (09 août 2024),"Le 4 août 2024, Roundcube a publié des correctifs concernant les vulnérabilités critiques CVE-2024-42008 et CVE-2024-42009 affectant son serveur de courriel. Ces vulnérabilités permettent des injections de code indirectes à distance (XSS) qui peuvent, par exemple, conduire à la récupération du...","Fri, 09 Aug 2024 00:00:00 +0000",https://www.cert.ssi.gouv.fr/alerte/CERTFR-2024-ALE-010/,Alerte,"['CVE-2024-42009', 'CVE-2024-42008', 'CVE-2024-42010']"
CERTFR-2024-ALE-011,Vulnérabilité dans SonicWall (10 septembre 2024),"Le 22 août 2024, Sonicwall a publié un correctif concernant la vulnérabilité critique CVE-2024-40766 affectant les pare-feux Sonicwall génération 5, 6 et 7. Cette vulnérabilité, de type contrôle d'accès défaillant, permet à un attaquant de provoquer un déni de service à distance, une atteinte à...","Tue, 10 Sep 2024 00:00:00 +0000",https://www.cert.ssi.gouv.fr/alerte/CERTFR-2024-ALE-011/,Alerte,['CVE-2024-40766']
CERTFR-2024-ALE-012,[MàJ] Vulnérabilités affectant OpenPrinting CUPS (27 septembre 2024),"**[Mise à jour du 10 octobre 2024]** Le 28 septembre 2024, Elastic Security Labs a publié des règles de détection au format propriétaire de l'éditeur (cf. section Documentation), qui sont confirmées par les analyses du CERT-FR pour la détection des attaques connues. **[Publication initiale]** De...","Fri, 27 Sep 2024 00:00:00 +0000",https://www.cert.ssi.gouv.fr/alerte/CERTFR-2024-ALE-012/,Alerte,"['CVE-2024-47176', 'CVE-2024-47076', 'CVE-2024-47177', 'CVE-2024-47175']"
CERTFR-2024-ALE-013,Exploitations de vulnérabilités dans Ivanti Cloud Services Appliance (CSA) (22 octobre 2024),"Ivanti a publié plusieurs avis de sécurité sur des vulnérabilités affectant CSA qui sont activement exploitées : * le 10 septembre 2024, Ivanti a publié un avis de sécurité concernant la vulnérabilité CVE-2024-8190 qui permet à un attaquant, authentifié en tant qu'administrateur, d'exécuter du...","Tue, 22 Oct 2024 00:00:00 +0000",https://www.cert.ssi.gouv.fr/alerte/CERTFR-2024-ALE-013/,Alerte,"['CVE-2024-9379', 'CVE-2024-8190', 'CVE-2024-8963', 'CVE-2024-9380', 'CVE-2024-9381']"
CERTFR-2024-ALE-014,[MàJ] Multiples vulnérabilités dans Fortinet FortiManager (23 octobre 2024),"**[Mise à jour du 14 janvier 2025]** **Publication des correctifs** Le 14 janvier 2025, Fortinet a publié un avis de sécurité relatif à la vulnérabilité CVE-2024-50566 qui correspond à la vulnérabilité de type jour-zéro pour laquelle une preuve de concept a été publiée en novembre 2024. Des...","Wed, 23 Oct 2024 00:00:00 +0000",https://www.cert.ssi.gouv.fr/alerte/CERTFR-2024-ALE-014/,Alerte,"['CVE-2024-50566', 'CVE-2024-47575']"
CERTFR-2024-ALE-015,[MàJ] Multiples vulnérabilités sur l'interface d'administration des équipements Palo Alto Networks (15 novembre 2024),"Le 8 novembre 2024, Palo Alto Networks a publié un avis de sécurité relatif à une vulnérabilité critique dans certains pare-feux Palo Alto Networks. Elle permet à un attaquant non authentifié d'exécuter du code arbitraire à distance sur l'interface d'administration des équipements. L'éditeur...","Fri, 15 Nov 2024 00:00:00 +0000",https://www.cert.ssi.gouv.fr/alerte/CERTFR-2024-ALE-015/,Alerte,"['CVE-2024-0012', 'CVE-2024-9474']"
CERTFR-2025-ALE-001,[MàJ] Vulnérabilité dans les produits Ivanti (09 janvier 2025),"Une vulnérabilité jour-zéro de type débordement de pile a été découverte dans Ivanti Connect Secure (ICS), Policy Secure (IPS), Neurons for Zero Trust Access (ZTA) gateways. Cette vulnérabilité, d'identifiant CVE-2025-0282, permet à un attaquant non authentifié de provoquer une exécution de code...","Thu, 09 Jan 2025 00:00:00 +0000",https://www.cert.ssi.gouv.fr/alerte/CERTFR-2025-ALE-001/,Alerte,"['CVE-2025-0282', 'CVE-2025-0283']"
CERTFR-2025-ALE-002,[MàJ] Vulnérabilité dans les produits Fortinet (14 janvier 2025),"\[Mise à jour du 28 janvier 2025\] Une preuve de concept permettant l'exploitation de cette vulnérabilité est disponible publiquement. Le 14 janvier 2025, Fortinet a publié un avis de sécurité concernant la vulnérabilité critique CVE-2024-55591 affectant FortiOS et FortiProxy. Elle permet à un...","Tue, 14 Jan 2025 00:00:00 +0000",https://www.cert.ssi.gouv.fr/alerte/CERTFR-2025-ALE-002/,Alerte,['CVE-2024-55591']
CERTFR-2025-ALE-003,[MàJ] Vulnérabilité dans les produits Ivanti (03 avril 2025),**\[Mise à jour du 11 avril 2025\]** Le CERT-FR a connaissance d'une preuve de concept publique permettant de provoquer une exécution de code arbitraire à distance. **[Mise à jour du 04 avril 2025]** Le CERT-FR a connaissance d'une preuve de concept publique permettant de provoquer un arrêt du...,"Thu, 03 Apr 2025 00:00:00 +0000",https://www.cert.ssi.gouv.fr/alerte/CERTFR-2025-ALE-003/,Alerte,"['CVE-2025-0282', 'CVE-2025-22457']"
CERTFR-2025-ALE-004,Activités de post-exploitation dans Fortinet FortiGate (11 avril 2025),Fortinet a publié le 10 avril 2025 un billet de blogue [1] indiquant l'utilisation d'une technique de post-exploitation qui permet une atteinte à la confidentialité des données de l'ensemble du système des équipements Fortigate affectés. Cette technique repose sur l'utilisation d'un lien...,"Fri, 11 Apr 2025 00:00:00 +0000",https://www.cert.ssi.gouv.fr/alerte/CERTFR-2025-ALE-004/,Alerte,"['CVE-2024-21762', 'CVE-2022-42475', 'CVE-2023-27997']"
CERTFR-2025-ALE-005,Vulnérabilité dans SAP NetWeaver (28 avril 2025),"Le 24 avril 2025, SAP a publié un bulletin de sécurité relatif à la vulnérabilité CVE-2025-31324 qui permet l'exécution de code arbitraire à distance pour un utilisateur non authentifié. Cette vulnérabilité est provoquée par un contournement de la politique de sécurité qui permet de télécharger...","Mon, 28 Apr 2025 00:00:00 +0000",https://www.cert.ssi.gouv.fr/alerte/CERTFR-2025-ALE-005/,Alerte,['CVE-2025-31324']
CERTFR-2025-ALE-006,Vulnérabilité dans les produits Fortinet (13 mai 2025),"Le 13 mai 2025, Fortinet a publié un avis de sécurité concernant la vulnérabilité CVE-2025-32756. Celle-ci permet à un attaquant non authentifié d'exécuter du code arbitraire à distance. L'éditeur indique que cette vulnérabilité est activement exploitée. Les exploitations constatées jusqu'ici...","Tue, 13 May 2025 00:00:00 +0000",https://www.cert.ssi.gouv.fr/alerte/CERTFR-2025-ALE-006/,Alerte,['CVE-2025-32756']
CERTFR-2025-ALE-007,Multiples vulnérabilités dans Ivanti Endpoint Manager Mobile (EPMM) (14 mai 2025),"[Mise à jour du 15 mai 2025] Une preuve de concept est publiquement disponible sur Internet. [Publication initiale] Le 13 mai 2025, Ivanti a publié deux avis de sécurité concernant les vulnérabilités CVE-2025-4427 et CVE-2025-4428. L'utilisation combinée de ces deux vulnérabilités permet...","Wed, 14 May 2025 00:00:00 +0000",https://www.cert.ssi.gouv.fr/alerte/CERTFR-2025-ALE-007/,Alerte,"['CVE-2025-4427', 'CVE-2025-4428']"
CERTFR-2025-ALE-008,[MàJ] Vulnérabilité dans Roundcube (05 juin 2025),"[Mise à jour du 06 juin 2025] Une preuve de concept est publiquement disponible. [Publication initiale] Le 01 juin 2025, Roundcube a publié des correctifs concernant une vulnérabilité critique affectant son portail de messagerie ainsi que tous les produits l'incluant (par exemple cPanel et...","Thu, 05 Jun 2025 00:00:00 +0000",https://www.cert.ssi.gouv.fr/alerte/CERTFR-2025-ALE-008/,Alerte,['CVE-2025-49113']
CERTFR-2025-ALE-009,Multiples vulnérabilités dans Citrix NetScaler ADC et NetScaler Gateway (01 juillet 2025),"**[Mise à jour du 17 juillet 2025]** L'éditeur a publié un lien contenant une méthode d'évaluation permettant d'identifier des tentatives d'exploitation dans les journaux applicatifs et systèmes [12]. **[Mise à jour du 7 juillet 2025]** Le 17 juin 2025, Citrix a publié un bulletin de sécurité...","Tue, 01 Jul 2025 00:00:00 +0000",https://www.cert.ssi.gouv.fr/alerte/CERTFR-2025-ALE-009/,Alerte,"['CVE-2025-6543', 'CVE-2025-5777']"
CERTFR-2025-ALE-010,[MàJ] Multiples vulnérabilités dans Microsoft SharePoint (21 juillet 2025),"**[Mise à jour du 23 juillet 2025]** Le 20 juillet 2025, Microsoft a publié des correctifs pour une vulnérabilité de type limitation insuffisante d'un chemin d'accès à un répertoire restreint, aussi appelé *path traversal*, affectant SharePoint Enterprise Server 2016, SharePoint Server 2019 et...","Mon, 21 Jul 2025 00:00:00 +0000",https://www.cert.ssi.gouv.fr/alerte/CERTFR-2025-ALE-010/,Alerte,"['CVE-2025-53771', 'CVE-2025-53770']"
CERTFR-2025-ALE-011,Incidents de sécurité dans les pare-feux SonicWall (05 août 2025),"[Mise à jour du 7 août 2025] Le 6 août 2025, SonicWall a remplacé une partie de son communiqué initial pour indiquer que les incidents de sécurité évoqués étaient vraisemblablement corrélés à la vulnérabilité CVE-2024-40766. Celle-ci a fait l'objet d'un bulletin de sécurité, SNWLID-2024-0015 (cf....","Tue, 05 Aug 2025 00:00:00 +0000",https://www.cert.ssi.gouv.fr/alerte/CERTFR-2025-ALE-011/,Alerte,['CVE-2024-40766']
CERTFR-2025-ALE-012,Vulnérabilité dans Citrix NetScaler ADC et NetScaler Gateway (26 août 2025),"Le 26 août 2025, Citrix a publié un bulletin de sécurité (cf. section Documentation) concernant, entre autres, la vulnérabilité CVE-2025-7775. Celle-ci permet une exécution de code arbitraire à distance et affecte toutes les versions de Citrix NetScaler ADC et NetScaler Gateway, dans certaines...","Tue, 26 Aug 2025 00:00:00 +0000",https://www.cert.ssi.gouv.fr/alerte/CERTFR-2025-ALE-012/,Alerte,['CVE-2025-7775']
CERTFR-2025-ALE-013,[MàJ] Multiples vulnérabilités dans Cisco ASA et FTD (25 septembre 2025),"**[Mise à jour du 07 novembre 2025]** Le 5 novembre 2025, Cisco a mis a jour son billet de blogue initialement publié le 25 septembre 2025 (cf. section Documentation). L'éditeur déclare avoir connaissance d'une nouvelle attaque, affectant les équipements ASA et FTD vulnérables, qui cause un déni...","Thu, 25 Sep 2025 00:00:00 +0000",https://www.cert.ssi.gouv.fr/alerte/CERTFR-2025-ALE-013/,Alerte,"['CVE-2025-20362', 'CVE-2025-20333']"
CERTFR-2025-ALE-014,[MàJ] Vulnérabilité dans React Server Components (05 décembre 2025),**[Mise à jour du 11 décembre 2025]** Le CERT-FR a connaissance de multiples exploitations de la vulnérabilité CVE-2025-55182. Les serveurs avec une version vulnérable exposés après la publication des preuves de concept publiques du 5 décembre 2025 doivent être considérés comme compromis....,"Fri, 05 Dec 2025 00:00:00 +0000",https://www.cert.ssi.gouv.fr/alerte/CERTFR-2025-ALE-014/,Alerte,"['CVE-2025-55182', 'CVE-2025-66478']"
CERTFR-2026-ALE-001,[MàJ] Multiples vulnérabilités dans Ivanti Endpoint Manager Mobile (30 janvier 2026),"[Mise à jour du 09 février 2026] Le 6 février 2026, Ivanti a mis à disposition des scripts RPM de détection d'indicateurs de compromission, à utiliser en fonction de la version d'EPMM installée. L'éditeur a également mis son guide d'analyse à jour (cf. section Documentation). [Mise à jour du 02...","Fri, 30 Jan 2026 00:00:00 +0000",https://www.cert.ssi.gouv.fr/alerte/CERTFR-2026-ALE-001/,Alerte,"['CVE-2026-1281', 'CVE-2026-1340']"
CERTFR-2026-ALE-002,[MàJ] Vulnérabilité dans Cisco Catalyst SD-WAN (25 février 2026),Une vulnérabilité a été découverte dans Cisco Catalyst SD-WAN. Elle permet à un attaquant de provoquer un contournement de la politique de sécurité. Cisco indique que la vulnérabilité CVE-2026-20127 est activement exploitée.,"Wed, 25 Feb 2026 00:00:00 +0000",https://www.cert.ssi.gouv.fr/alerte/CERTFR-2026-ALE-002/,Alerte,"['CVE-2026-20127', 'CVE-2022-20775']"
CERTFR-2026-ALE-003,Note d’alerte – Ciblage des messageries instantanées (20 mars 2026),"Les travaux conjoints des services membres du **Centre de Coordination des Crises Cyber (C4)** ont permis d’identifier une recrudescence de campagnes d’attaques ciblant les comptes de messagerie instantanées. Ces campagnes ciblent particulièrement les secteurs régaliens (personnalités politiques,...","Fri, 20 Mar 2026 00:00:00 +0000",https://www.cert.ssi.gouv.fr/alerte/CERTFR-2026-ALE-003/,Alerte,[]
CERTFR-2026-ALE-004,Vulnérabilité dans F5 BIG-IP Access Policy Manager (31 mars 2026),"Le 15 octobre 2025, F5 a publié un avis de sécurité concernant entre autres la vulnérabilité CVE-2025-53521. Celle-ci affecte BIG-IP APM et permet à un attaquant non authentifié d'exécuter du code à distance. Le 29 mars 2026, l'éditeur indique que cette vulnérabilité est exploitée activement. Le...","Tue, 31 Mar 2026 00:00:00 +0000",https://www.cert.ssi.gouv.fr/alerte/CERTFR-2026-ALE-004/,Alerte,['CVE-2025-53521']
CERTFR-2026-ALE-005,[Màj] Vulnérabilité dans Microsoft Exchange Server (15 mai 2026),"[Mise à jour du 11 juin 2026] Le 9 juin 2026, Microsoft a publié des versions correctives. [Publication initiale] Le 14 mai 2026, Microsoft a publié un avis de sécurité concernant la vulnérabilité CVE-2026-42897 affectant Exchange Server. Elle permet à un attaquant non authentifié de provoquer...","Fri, 15 May 2026 00:00:00 +0000",https://www.cert.ssi.gouv.fr/alerte/CERTFR-2026-ALE-005/,Alerte,['CVE-2026-42897']
